name,stadt,bundesland,website,groesse,spezialisierung,notizen
Randstad Deutschland GmbH & Co. KG,Eschborn,Hessen,www.randstad.de,Großunternehmen (>10000),Zeitarbeit / Personaldienstleistung,Marktführer Deutschland
Adecco Personaldienstleistungen GmbH,Düsseldorf,Nordrhein-Westfalen,www.adecco.de,Großunternehmen (>10000),Zeitarbeit / Personaldienstleistung,International tätig
ManpowerGroup Deutschland GmbH & Co. KG,Frankfurt am Main,Hessen,www.manpowergroup.de,Großunternehmen (>10000),Zeitarbeit / Personaldienstleistung,International tätig
Hays AG,Mannheim,Baden-Württemberg,www.hays.de,Großunternehmen (>5000),Personalvermittlung / IT Fachkräfte,Spezialist Fachkräfte
DIS AG (Deutsches Institut für Service),Düsseldorf,Nordrhein-Westfalen,www.dis-ag.com,Großunternehmen (>5000),Zeitarbeit / Personaldienstleistung,Zur Adecco Gruppe
Persona Service AG & Co. KG,Lüdenscheid,Nordrhein-Westfalen,www.persona.de,Großunternehmen (>5000),Zeitarbeit / Personaldienstleistung,Bundesweit präsent
I.K. Hofmann GmbH,Nürnberg,Bayern,www.hofmann.info,Großunternehmen (>3000),Zeitarbeit / Personaldienstleistung,Bundesweit präsent
Tempton Personaldienstleistungen GmbH,Essen,Nordrhein-Westfalen,www.tempton.de,Großunternehmen (>3000),Zeitarbeit / Personaldienstleistung,Bundesweit präsent
Orizon GmbH,Hamburg,Hamburg,www.orizon.de,Großunternehmen (>3000),Zeitarbeit / Personaldienstleistung,Bundesweit präsent
Piening GmbH,Bielefeld,Nordrhein-Westfalen,www.piening-personal.de,Mittelunternehmen (500-3000),Zeitarbeit / Personaldienstleistung,Regional stark NRW
ZAG Zeitarbeits-Gesellschaft GmbH,Hannover,Niedersachsen,www.zag.de,Großunternehmen (>3000),Zeitarbeit / Personaldienstleistung,Bundesweit präsent
Amadeus Fire AG,Frankfurt am Main,Hessen,www.amadeus-fire.de,Mittelunternehmen (500-3000),Personalvermittlung / Finance,Spezialist Finance & IT
Gi Group Deutschland GmbH,Düsseldorf,Nordrhein-Westfalen,www.gigroup.de,Großunternehmen (>3000),Zeitarbeit / Personaldienstleistung,International
Brunel GmbH,Bremen,Bremen,www.brunel.de,Mittelunternehmen (500-3000),Zeitarbeit / Engineering,Spezialist Ingenieure
ARWA Personaldienstleistungen GmbH,Heilbronn,Baden-Württemberg,www.arwa.de,Mittelunternehmen (500-3000),Zeitarbeit / Personaldienstleistung,Bundesweit präsent
AlphaConsult KG,München,Bayern,www.alphaconsult.de,Mittelunternehmen (200-500),Zeitarbeit / Personalvermittlung,Regional stark Bayern
DEKRA Arbeit GmbH,Stuttgart,Baden-Württemberg,www.dekra-arbeit.de,Großunternehmen (>5000),Zeitarbeit / Personaldienstleistung,Teil der DEKRA Gruppe
Office People GmbH,Hannover,Niedersachsen,www.officepeople.de,Mittelunternehmen (500-3000),Zeitarbeit / Personaldienstleistung,Bundesweit präsent
JOB AG Industrial Service GmbH,Fulda,Hessen,www.job-ag.com,Mittelunternehmen (200-500),Zeitarbeit / Industrie,Spezialist Industrie
TimePartner Personalmanagement GmbH,Hamburg,Hamburg,www.timepartner.de,Mittelunternehmen (200-500),Zeitarbeit / Personaldienstleistung,Bundesweit präsent
Franz & Wach Personalservice GmbH,Ulm,Baden-Württemberg,www.franz-wach.de,Mittelunternehmen (200-500),Zeitarbeit / Personaldienstleistung,Bundesweit präsent
Bindan GmbH & Co. KG,München,Bayern,www.bindan.de,Mittelunternehmen (200-500),Zeitarbeit / Personaldienstleistung,Bundesweit präsent
Argo Personal Service GmbH,München,Bayern,www.argopersonal.de,Mittelunternehmen (200-500),Zeitarbeit / Personaldienstleistung,Regional
pluss Holding GmbH,Hamburg,Hamburg,www.pluss.de,Mittelunternehmen (500-3000),Zeitarbeit / Pflege & Pädagogik,Spezialist Pflege
Studitemps GmbH,Köln,Nordrhein-Westfalen,www.studitemps.de,Mittelunternehmen (200-500),Zeitarbeit / Studenten,Spezialist Studenten
Poolia Deutschland GmbH,Hamburg,Hamburg,www.poolia.de,Mittelunternehmen (200-500),Personalvermittlung,Schwedische Muttergesellschaft
Experis GmbH,München,Bayern,www.experis.de,Mittelunternehmen (200-500),Zeitarbeit / IT,Zur ManpowerGroup
AutoVision - Der Personaldienstleister GmbH,Wolfsburg,Niedersachsen,www.autovision-gmbh.de,Mittelunternehmen (200-500),Zeitarbeit / Automotive,VW-Tochter
DB Zeitarbeit GmbH,Frankfurt am Main,Hessen,www.db-zeitarbeit.de,Mittelunternehmen (200-500),Zeitarbeit / Transport,Deutsche Bahn Tochter
START NRW GmbH,Düsseldorf,Nordrhein-Westfalen,www.start-nrw.de,Mittelunternehmen (200-500),Zeitarbeit / Personaldienstleistung,NRW fokussiert
Tuja Zeitarbeit GmbH,Stuttgart,Baden-Württemberg,www.tuja.de,Mittelunternehmen (200-500),Zeitarbeit / Personaldienstleistung,Bundesweit präsent
MPL Medizinische Personal Leasing GmbH,Berlin,Berlin,www.mpl-pflege.de,Mittelunternehmen (200-500),Zeitarbeit / Medizin & Pflege,Spezialist Gesundheit
König GmbH & Co. KG,Frankfurt am Main,Hessen,www.koenig-group.com,Mittelunternehmen (200-500),Zeitarbeit / Personaldienstleistung,Bundesweit präsent
IMPACT GmbH,Hamburg,Hamburg,www.impact-personal.de,Kleinunternehmen (50-200),Zeitarbeit / Personaldienstleistung,Regional Hamburg
Klüh Personal Service GmbH & Co. KG,Düsseldorf,Nordrhein-Westfalen,www.klueh.de,Großunternehmen (>3000),Zeitarbeit / Facility & Personal,Teil der Klüh Gruppe
Tempo-Team Personaldienstleistungen GmbH,Frankfurt am Main,Hessen,www.tempo-team.de,Mittelunternehmen (500-3000),Zeitarbeit / Personaldienstleistung,Zur Randstad Gruppe
Weiss Personalmanagement GmbH,Frankfurt am Main,Hessen,www.weiss-personalmanagement.de,Kleinunternehmen (50-200),Zeitarbeit / Kaufmännisch,Regional Hessen
Impuls Personal GmbH,Hamburg,Hamburg,www.impulspersonal.de,Kleinunternehmen (50-200),Zeitarbeit / Personaldienstleistung,Regional Hamburg
akut... Medizinische Personallogistik GmbH,Hannover,Niedersachsen,www.akut.de,Mittelunternehmen (200-500),Zeitarbeit / Medizin,Spezialist Medizin
Schön Personalservice GmbH,Hamburg,Hamburg,www.schoen-personal.de,Kleinunternehmen (50-200),Zeitarbeit / Personaldienstleistung,Regional Norddeutschland
mega3 Personalservice GmbH,Hamburg,Hamburg,www.mega3.de,Kleinunternehmen (50-200),Zeitarbeit / Medizin,Spezialist Medizin/Pflege
Konform-Zeitpersonal GmbH,Hamburg,Hamburg,www.konform-zeitpersonal.de,Kleinunternehmen (50-200),Zeitarbeit / Personaldienstleistung,Regional Hamburg
HANSEATEN Zeitarbeit Nord GmbH,Hamburg,Hamburg,www.hanseaten-zeitarbeit.de,Kleinunternehmen (50-200),Zeitarbeit / Personaldienstleistung,Regional Norddeutschland
mika Personaldienstleistungen GmbH,Hamburg,Hamburg,www.mika-personal.de,Kleinunternehmen (50-200),Zeitarbeit / Personaldienstleistung,Regional Hamburg
ms personal & Service GmbH,Hamburg,Hamburg,www.ms-personal.de,Kleinunternehmen (50-200),Zeitarbeit / Personaldienstleistung,Regional Hamburg
Striewe Zeitarbeit GmbH,Hamburg,Hamburg,www.striewe.de,Kleinunternehmen (50-200),Zeitarbeit / Personaldienstleistung,Regional Norddeutschland
AnyTime GmbH,Hamburg,Hamburg,www.anytime-personal.de,Kleinunternehmen (50-200),Zeitarbeit / Personaldienstleistung,Regional Hamburg
KRACH Arbeitnehmerüberlassung GmbH,Hamburg,Hamburg,www.krach-personalservice.de,Kleinunternehmen (50-200),Zeitarbeit / Personaldienstleistung,Regional Hamburg
MOWA GmbH,Hamburg,Hamburg,www.mowa-personal.de,Kleinunternehmen (50-200),Zeitarbeit / Personaldienstleistung,Regional Hamburg
Effektiv Personal-Service Hamburg GmbH,Hamburg,Hamburg,www.effektiv-personal.de,Kleinunternehmen (50-200),Zeitarbeit / Personaldienstleistung,Regional Hamburg
Interstaff Pro GmbH,Hamburg,Hamburg,www.interstaff.de,Kleinunternehmen (50-200),Zeitarbeit / Personaldienstleistung,Regional Hamburg
SF Personalservice,Hamburg,Hamburg,www.sf-personalservice.de,Kleinunternehmen (<50),Zeitarbeit / Personaldienstleistung,Kleinstunternehmen
PHH Personaldienstleistung GmbH,Hamburg,Hamburg,www.phh-personal.de,Kleinunternehmen (50-200),Zeitarbeit / Personaldienstleistung,Regional Hamburg
Felser GmbH,Hamburg,Hamburg,www.felser.de,Kleinunternehmen (50-200),Zeitarbeit / Personaldienstleistung,Regional Hamburg
afg PERSONAL Medical Services GmbH,Hamburg,Hamburg,www.afg-personal.de,Kleinunternehmen (50-200),Zeitarbeit / Medizin,Spezialist Medizin
Mechernich Personal-Service GmbH,Hamburg,Hamburg,www.mechernich-personal.de,Kleinunternehmen (50-200),Zeitarbeit / Personaldienstleistung,Regional Hamburg
Terla Personalleasing,Hamburg,Hamburg,www.terla.de,Kleinunternehmen (50-200),Zeitarbeit / Personaldienstleistung,Regional Hamburg
Gess & Partner GmbH,Hamburg,Hamburg,www.gess-partner.de,Kleinunternehmen (50-200),Zeitarbeit / Kaufmännisch,Regional Hamburg
Alpha Personalmanagement GmbH,Hamburg,Hamburg,www.alpha-personal.de,Kleinunternehmen (50-200),Zeitarbeit / Personaldienstleistung,Regional Hamburg
per4med GmbH,Hamburg,Hamburg,www.per4med.de,Kleinunternehmen (50-200),Zeitarbeit / Medizin,Spezialist Medizin
Limes Consult GmbH,Hamburg,Hamburg,www.limes-consult.de,Kleinunternehmen (50-200),Zeitarbeit / IT & Ingenieure,Regional Hamburg
CSCP AG,Hamburg,Hamburg,www.cscp-ag.de,Kleinunternehmen (50-200),Zeitarbeit / Personaldienstleistung,Regional Hamburg
AllCon Service & Dienstleistungs GmbH,Hamburg,Hamburg,www.allcon.de,Kleinunternehmen (50-200),Zeitarbeit / Personaldienstleistung,Regional Hamburg
Die Job-Börse GmbH,Hamburg,Hamburg,www.die-jobboerse.de,Kleinunternehmen (50-200),Zeitarbeit / Personalvermittlung,Regional Hamburg
Impuls Personal GmbH,Berlin,Berlin,www.impulspersonal.de,Kleinunternehmen (50-200),Zeitarbeit / Personaldienstleistung,Regional Berlin
ALLROUND Service GmbH & Co. KG,Berlin,Berlin,www.allround-service.de,Kleinunternehmen (50-200),Zeitarbeit / Personaldienstleistung,Regional Berlin
TUJA Zeitarbeit GmbH,Berlin,Berlin,www.tuja.de,Mittelunternehmen (200-500),Zeitarbeit / Personaldienstleistung,Bundesweit präsent
MASKE.med. GmbH,Berlin,Berlin,www.maskemed.de,Kleinunternehmen (50-200),Zeitarbeit / Medizin,Spezialist Medizin Berlin
Arena Personal Management GmbH,Berlin,Berlin,www.arena-personal.de,Kleinunternehmen (50-200),Zeitarbeit / Personaldienstleistung,Regional Berlin
Primajob GmbH,Berlin,Berlin,www.primajob.de,Kleinunternehmen (50-200),Zeitarbeit / Personaldienstleistung,Regional Berlin
Medi Unit GmbH,Berlin,Berlin,www.medi-unit.de,Kleinunternehmen (50-200),Zeitarbeit / Medizin,Spezialist Medizin
aventa Personalservice e.K.,Berlin,Berlin,www.aventa.de,Mittelunternehmen (200-500),Zeitarbeit / Personaldienstleistung,Regional Berlin
Widmann Die Personalprofis,Berlin,Berlin,www.widmann-personalprofis.de,Kleinunternehmen (50-200),Zeitarbeit / Personaldienstleistung,Regional Berlin
Intervall Personalservice GmbH,Berlin,Berlin,www.intervall-personal.de,Kleinunternehmen (50-200),Zeitarbeit / Personaldienstleistung,Regional Berlin
SEMO Personal-Service GmbH,Berlin,Berlin,www.semo-personal.de,Kleinunternehmen (50-200),Zeitarbeit / Personaldienstleistung,Regional Berlin
Hands and Service GmbH,Berlin,Berlin,www.hands-and-service.de,Kleinunternehmen (50-200),Zeitarbeit / Personalleasing,Regional Berlin
IMS Personal GmbH,Berlin,Berlin,www.ims-personal.de,Kleinunternehmen (50-200),Zeitarbeit / Personaldienstleistung,Regional Berlin
Dr. Stern Berlin GmbH,Berlin,Berlin,www.dr-stern.de,Kleinunternehmen (50-200),Zeitarbeit / Personaldienstleistung,Regional Berlin
H&T Personal + Mediaservice GmbH,Berlin,Berlin,www.ht-personal.de,Kleinunternehmen (50-200),Zeitarbeit / Medienbranche,Spezialist Medien
WIRO Personal GmbH,Berlin,Berlin,www.wiro-personal.de,Kleinunternehmen (50-200),Zeitarbeit / Personaldienstleistung,Regional Berlin
Primero Gastronomie Personal Service GmbH,Berlin,Berlin,www.primero-personal.de,Kleinunternehmen (50-200),Zeitarbeit / Gastronomie,Spezialist Gastronomie
Labbow Personalleasing e.K.,Berlin,Berlin,www.labbow.de,Kleinunternehmen (<50),Zeitarbeit / Personaldienstleistung,Kleinstunternehmen
anbosa Personaldienstleistungen GmbH,Berlin,Berlin,www.anbosa.de,Kleinunternehmen (50-200),Zeitarbeit / Personaldienstleistung,Regional Berlin
Personal Partner Bürodienstleistung GmbH,Berlin,Berlin,www.personal-partner.de,Kleinunternehmen (50-200),Zeitarbeit / Büropersonal,Regional Berlin
H2 Personalmanagement GmbH,Berlin,Berlin,www.h2-personal.de,Kleinunternehmen (50-200),Zeitarbeit / Personaldienstleistung,Regional Berlin
ZeitWerk Personal GmbH,Berlin,Berlin,www.zeitwerk-personal.de,Kleinunternehmen (50-200),Zeitarbeit / Personaldienstleistung,Regional Berlin
EXTRA-Personalservice GmbH,Berlin,Berlin,www.extra-personal.de,Kleinunternehmen (50-200),Zeitarbeit / Personaldienstleistung,Regional Berlin
westwerk Clausen & Clausen OHG,Berlin,Berlin,www.westwerk.de,Kleinunternehmen (50-200),Zeitarbeit / Personaldienstleistung,Regional Berlin
TELA Industrieservice GmbH,Berlin,Berlin,www.tela-personal.de,Kleinunternehmen (50-200),Zeitarbeit / Industrie,Regional Berlin
K&K Industriebau u. Personalbetreuungs GmbH,Berlin,Berlin,www.kk-industrial.de,Kleinunternehmen (50-200),Zeitarbeit / Industrie,Regional Berlin
MST Personaldienstleistungen OHG,Berlin,Berlin,www.mst-personal.de,Kleinunternehmen (50-200),Zeitarbeit / Personaldienstleistung,Regional Berlin
HireLabas Personal GmbH,Berlin,Berlin,www.hirelab.de,Kleinunternehmen (50-200),Zeitarbeit / Personaldienstleistung,Regional Berlin
FRONT Office GmbH,Berlin,Berlin,www.front-office.de,Kleinunternehmen (50-200),Zeitarbeit / Büropersonal,Regional Berlin
WS Montage-u. Personalmanagement GmbH,Berlin,Berlin,www.ws-personal.de,Kleinunternehmen (50-200),Zeitarbeit / Montage,Regional Berlin
Workstation AG,Berlin,Berlin,www.workstation.de,Kleinunternehmen (50-200),Zeitarbeit / Personalvermittlung,Regional Berlin
7(S) Engineering GmbH,Berlin,Berlin,www.7s-engineering.de,Kleinunternehmen (50-200),Zeitarbeit / Engineering,Spezialist Ingenieure
Arcon GmbH & Co.KG,Berlin,Berlin,www.arcon.de,Kleinunternehmen (50-200),Zeitarbeit / Personaldienstleistung,Regional Berlin
Gottwald GmbH,München,Bayern,www.gottwald-personal.de,Kleinunternehmen (50-200),Zeitarbeit / Personaldienstleistung,Regional München
aktiv personal-service GmbH,München,Bayern,www.aktiv-personal.de,Kleinunternehmen (50-200),Zeitarbeit / Personaldienstleistung,Regional München
Lehmann Personalmanagement GmbH,München,Bayern,www.lehmann-personal.de,Kleinunternehmen (50-200),Zeitarbeit / Personaldienstleistung,Regional München
meinJOB Personalmanagement GmbH,München,Bayern,www.meinjob.de,Kleinunternehmen (50-200),Zeitarbeit / Personaldienstleistung,Regional München
econoMARK Personalmarketing GmbH,München,Bayern,www.economark.de,Kleinunternehmen (50-200),Zeitarbeit / Personalmarketing,Regional München
Dantis PersonalManagement GmbH,München,Bayern,www.dantis.de,Kleinunternehmen (50-200),Zeitarbeit / Personaldienstleistung,Regional München
advola,München,Bayern,www.advola.de,Kleinunternehmen (50-200),Zeitarbeit / Personaldienstleistung,Regional München
Reuther Personaldienstleistungen GmbH,München,Bayern,www.reuther-personal.de,Kleinunternehmen (50-200),Zeitarbeit / Personaldienstleistung,Regional München
jobs in time medical GmbH,München,Bayern,www.jobs-in-time.de,Kleinunternehmen (50-200),Zeitarbeit / Medizin,Spezialist Medizin
Ruhdorfer u. Waldner GmbH & Co. Personal-Leasing KG,München,Bayern,www.ruhdorfer-waldner.de,Kleinunternehmen (50-200),Zeitarbeit / Personalleasing,Regional München
HKW GmbH,München,Bayern,www.hkw.de,Kleinunternehmen (50-200),Zeitarbeit / Personaldienstleistung,Regional München
Fahr-Zeit Personalleasing GmbH & Co. KG,München,Bayern,www.fahr-zeit.de,Kleinunternehmen (50-200),Zeitarbeit / Fahrer & Transport,Spezialist Transport
besser Personalmanagement GmbH,München,Bayern,www.besser-personal.de,Kleinunternehmen (50-200),Zeitarbeit / Personaldienstleistung,Regional München
persofort Personaldienstleistungen GmbH,München,Bayern,www.persofort.de,Kleinunternehmen (50-200),Zeitarbeit / Personaldienstleistung,Regional München
PASIT Professionelle Personallösungen GmbH,München,Bayern,www.pasit.de,Kleinunternehmen (50-200),Zeitarbeit / Kaufmännisch,Regional München
Proxima Personalmanagement GmbH,München,Bayern,www.proxima-personal.de,Kleinunternehmen (50-200),Zeitarbeit / Personaldienstleistung,Regional München
XQI Interim Partner GmbH,München,Bayern,www.xqi.de,Kleinunternehmen (50-200),Zeitarbeit / Management Interim,Spezialist Interim
Bindan München GmbH & Co. KG,München,Bayern,www.bindan.de,Kleinunternehmen (50-200),Zeitarbeit / Personaldienstleistung,Teil von Bindan
FM Personalservice GmbH,München,Bayern,www.fm-personal.de,Kleinunternehmen (50-200),Zeitarbeit / Personaldienstleistung,Regional München
C-Personalservice,München,Bayern,www.c-personalservice.de,Kleinunternehmen (50-200),Zeitarbeit / Personaldienstleistung,Regional München
zeitkraft Gesellschaft für Personalservice mbH,München,Bayern,www.zeitkraft.de,Kleinunternehmen (50-200),Zeitarbeit / Personaldienstleistung,Regional München
RAHMER Dienstleistungen GmbH,München,Bayern,www.rahmer.de,Kleinunternehmen (50-200),Zeitarbeit / Personaldienstleistung,Regional München
Elan IT ReSource GmbH,München,Bayern,www.elan-it.de,Kleinunternehmen (50-200),Zeitarbeit / IT,Spezialist IT
Powerteam Personaldienstleistungen GmbH,München,Bayern,www.powerteam.de,Kleinunternehmen (50-200),Zeitarbeit / Personaldienstleistung,Regional München
PersonalFuchs GmbH,München,Bayern,www.personalfuchs.de,Kleinunternehmen (<50),Zeitarbeit / Personaldienstleistung,Kleinstunternehmen
Delta M. Das Unternehmen für Zeitarbeit GmbH,München,Bayern,www.deltam.de,Kleinunternehmen (50-200),Zeitarbeit / Personaldienstleistung,Regional München
Personality IT People Power GmbH,München,Bayern,www.personality-it.de,Kleinunternehmen (50-200),Zeitarbeit / IT,Spezialist IT
Adler Personal Management GmbH,Frankfurt am Main,Hessen,www.adler-personal.de,Kleinunternehmen (50-200),Zeitarbeit / Personaldienstleistung,Regional Frankfurt
Rombus Gesellschaft f. Zeitarbeit mbH,Frankfurt am Main,Hessen,www.rombus.de,Kleinunternehmen (50-200),Zeitarbeit / Personaldienstleistung,Regional Frankfurt
Amicus Organisation für Arbeit und Personal GmbH,Frankfurt am Main,Hessen,www.amicus.de,Kleinunternehmen (50-200),Zeitarbeit / Personaldienstleistung,Regional Frankfurt
A-TEAM Zeitarbeit und Personalmanagement GmbH,Frankfurt am Main,Hessen,www.a-team.de,Kleinunternehmen (50-200),Zeitarbeit / Personaldienstleistung,Regional Frankfurt
Franz Personalpartner GmbH & Co. KG,Frankfurt am Main,Hessen,www.franz-personal.de,Kleinunternehmen (50-200),Zeitarbeit / Personaldienstleistung,Regional Frankfurt
Argo Personal Service GmbH,Frankfurt am Main,Hessen,www.argopersonal.de,Kleinunternehmen (50-200),Zeitarbeit / Personaldienstleistung,Regional Frankfurt
MS Personal u. Service GmbH,Frankfurt am Main,Hessen,www.ms-personal.de,Kleinunternehmen (50-200),Zeitarbeit / Personaldienstleistung,Regional Frankfurt
APM Personal-Leasing GmbH,Frankfurt am Main,Hessen,www.apm-personal.de,Kleinunternehmen (50-200),Zeitarbeit / Personalleasing,Regional Frankfurt
C.I.S. City Industrie Service GmbH,Frankfurt am Main,Hessen,www.cis-frankfurt.de,Kleinunternehmen (50-200),Zeitarbeit / Industrie,Regional Frankfurt
BUHL Gastronomie Personal Service GmbH,Frankfurt am Main,Hessen,www.buhl-personal.de,Kleinunternehmen (50-200),Zeitarbeit / Gastronomie,Spezialist Gastronomie
PDZ Personaldienste & Zeitarbeit GmbH,Darmstadt,Hessen,www.pdz.de,Kleinunternehmen (50-200),Zeitarbeit / Personaldienstleistung,Regional Hessen
PPS PersonalPartner Süddeutschland GmbH,Offenbach am Main,Hessen,www.pps-personal.de,Kleinunternehmen (50-200),Zeitarbeit / Personaldienstleistung,Regional Hessen
spp direkt Frankfurt GmbH,Frankfurt am Main,Hessen,www.spp-direkt.de,Kleinunternehmen (50-200),Zeitarbeit / Personaldienstleistung,Regional Frankfurt
adesta GmbH & Co. KG,Frankfurt am Main,Hessen,www.adesta.de,Kleinunternehmen (50-200),Zeitarbeit / Personaldienstleistung,Regional Frankfurt
GPA Ges. für Personalentwicklung und Arbeitsberatung mbH,Frankfurt am Main,Hessen,www.gpa-ffm.de,Kleinunternehmen (50-200),Zeitarbeit / Personalentwicklung,Regional Frankfurt
RÜBSAM Fachkräfte GmbH & Co. KG,Frankfurt am Main,Hessen,www.ruebsam.de,Kleinunternehmen (50-200),Zeitarbeit / Fachkräfte,Regional Frankfurt
Tempres Personaldienstleistungen GmbH,Frankfurt am Main,Hessen,www.tempres.de,Kleinunternehmen (50-200),Zeitarbeit / Personaldienstleistung,Regional Frankfurt
TimePartner Personalmanagement GmbH,Offenbach am Main,Hessen,www.timepartner.de,Mittelunternehmen (200-500),Zeitarbeit / Personaldienstleistung,Regional Hessen
Magnus Professionals GmbH,Offenbach am Main,Hessen,www.magnus-professionals.de,Kleinunternehmen (50-200),Zeitarbeit / Personalvermittlung,Regional Hessen
Alfred Achilles GmbH,Offenbach am Main,Hessen,www.alfred-achilles.de,Kleinunternehmen (50-200),Zeitarbeit / Personaldienstleistung,Regional Hessen
Cura Personalservice,Offenbach am Main,Hessen,www.cura-personalservice.de,Kleinunternehmen (50-200),Zeitarbeit / Pflege,Spezialist Pflege
IMPULS Personal GmbH,Köln,Nordrhein-Westfalen,www.impulspersonal.de,Mittelunternehmen (200-500),Zeitarbeit / Personaldienstleistung,Regional Köln
MedicsPro Zeitarbeit GmbH,Köln,Nordrhein-Westfalen,www.medicspro.de,Kleinunternehmen (50-200),Zeitarbeit / Medizin,Spezialist Medizin
A&K Personal GmbH,Köln,Nordrhein-Westfalen,www.ak-personal.de,Kleinunternehmen (50-200),Zeitarbeit / Personaldienstleistung,Regional Köln
ABAX GmbH Zeitpersonal,Köln,Nordrhein-Westfalen,www.abax.de,Kleinunternehmen (50-200),Zeitarbeit / Personaldienstleistung,Regional Köln
Abraxas Personal UG,Köln,Nordrhein-Westfalen,www.abraxas-personal.de,Kleinunternehmen (<50),Zeitarbeit / Personaldienstleistung,Kleinstunternehmen
AGILIS Zeitarbeit GmbH,Köln,Nordrhein-Westfalen,www.agilis.de,Kleinunternehmen (50-200),Zeitarbeit / Personaldienstleistung,Regional Köln
avanti Personalleasing GmbH,Köln,Nordrhein-Westfalen,www.avanti.de,Mittelunternehmen (200-500),Zeitarbeit / Personalleasing,Regional Köln
Biene GmbH,Köln,Nordrhein-Westfalen,www.biene-zeitarbeit.de,Kleinunternehmen (50-200),Zeitarbeit / Personaldienstleistung,Regional Köln
BREVI-Personaldienste GmbH,Köln,Nordrhein-Westfalen,www.brevi.de,Kleinunternehmen (50-200),Zeitarbeit / Personaldienstleistung,Regional Köln
Centra-Zeitarbeit GmbH,Köln,Nordrhein-Westfalen,www.centra-zeitarbeit.de,Kleinunternehmen (50-200),Zeitarbeit / Personaldienstleistung,Regional Köln
Dako Job Center Zeitarbeit,Köln,Nordrhein-Westfalen,www.dako.de,Kleinunternehmen (50-200),Zeitarbeit / Personaldienstleistung,Regional Köln
DAS PERSONAL Ges. für Personal-Service mbH,Köln,Nordrhein-Westfalen,www.das-personal.de,Kleinunternehmen (50-200),Zeitarbeit / Personaldienstleistung,Regional Köln
FAHR-ZEIT Personalleasing GmbH & Co. KG,Köln,Nordrhein-Westfalen,www.fahr-zeit.de,Kleinunternehmen (50-200),Zeitarbeit / Fahrer,Spezialist Transport
Fahrerschmiede GmbH,Köln,Nordrhein-Westfalen,www.fahrerschmiede.de,Kleinunternehmen (50-200),Zeitarbeit / Fahrer & LKW,Spezialist Transport
Glauch Personal GmbH,Köln,Nordrhein-Westfalen,www.glauch-personal.de,Kleinunternehmen (50-200),Zeitarbeit / Personaldienstleistung,Regional Köln
Hoffmann Medical Service GmbH,Köln,Nordrhein-Westfalen,www.hoffmann-medical.de,Kleinunternehmen (50-200),Zeitarbeit / Medizin,Spezialist Medizin
Ideal Personal Dienstleistungs GmbH,Köln,Nordrhein-Westfalen,www.ideal-personal.de,Kleinunternehmen (50-200),Zeitarbeit / Personaldienstleistung,Regional Köln
IMTEF Service GmbH,Köln,Nordrhein-Westfalen,www.imtef.de,Kleinunternehmen (50-200),Zeitarbeit / Personaldienstleistung,Regional Köln
Konnex Zeitarbeit GmbH,Köln,Nordrhein-Westfalen,www.konnex.de,Kleinunternehmen (50-200),Zeitarbeit / Personaldienstleistung,Regional Köln
Laborage GmbH,Köln,Nordrhein-Westfalen,www.laborage.de,Kleinunternehmen (50-200),Zeitarbeit / Labor,Spezialist Labor
Ledebrink Arbeitnehmer-Überlassung GmbH,Köln,Nordrhein-Westfalen,www.ledebrink.de,Kleinunternehmen (50-200),Zeitarbeit / Personaldienstleistung,Regional Köln
Medic-Zeitarbeit GmbH,Köln,Nordrhein-Westfalen,www.medic-zeitarbeit.de,Kleinunternehmen (50-200),Zeitarbeit / Medizin,Spezialist Medizin
MED KONTOR Personalservice GmbH,Köln,Nordrhein-Westfalen,www.medkontor.de,Kleinunternehmen (50-200),Zeitarbeit / Medizin,Spezialist Medizin
Olympia Personaldienstleistungen GmbH,Köln,Nordrhein-Westfalen,www.olympia-personal.de,Mittelunternehmen (200-500),Zeitarbeit / Personaldienstleistung,Bundesweit präsent
CD Services GmbH,Köln,Nordrhein-Westfalen,www.cd-services.de,Kleinunternehmen (50-200),Zeitarbeit / Personaldienstleistung,Regional Köln
afs GmbH,Leverkusen,Nordrhein-Westfalen,www.afs-personal.de,Kleinunternehmen (50-200),Zeitarbeit / Personaldienstleistung,Regional NRW
EPOS Personaldienstleistungen GmbH,Düsseldorf,Nordrhein-Westfalen,www.epos.de,Kleinunternehmen (50-200),Zeitarbeit / Personaldienstleistung,Regional Düsseldorf
Top Job Personal GmbH,Düsseldorf,Nordrhein-Westfalen,www.topjob.de,Kleinunternehmen (50-200),Zeitarbeit / Personaldienstleistung,Regional Düsseldorf
Vermont GmbH Personaldienstleistungen,Düsseldorf,Nordrhein-Westfalen,www.vermont-personal.de,Kleinunternehmen (50-200),Zeitarbeit / Personaldienstleistung,Regional Düsseldorf
Feldmann Rieder Personal GmbH & Co. KG,Düsseldorf,Nordrhein-Westfalen,www.feldmann-rieder.de,Kleinunternehmen (50-200),Zeitarbeit / Personaldienstleistung,Regional Düsseldorf
FiRe AG Zeitpersonalservice,Düsseldorf,Nordrhein-Westfalen,www.fire-ag.de,Kleinunternehmen (50-200),Zeitarbeit / Finance & Recht,Spezialist Finance
AB Zeitpersonal GmbH,Düsseldorf,Nordrhein-Westfalen,www.ab-zeitpersonal.de,Kleinunternehmen (50-200),Zeitarbeit / Personaldienstleistung,Regional Düsseldorf
Jobsolutions GmbH,Düsseldorf,Nordrhein-Westfalen,www.jobsolutions.de,Kleinunternehmen (50-200),Zeitarbeit / Personaldienstleistung,Regional Düsseldorf
Eisenberg Zeitarbeit,Düsseldorf,Nordrhein-Westfalen,www.eisenberg-zeitarbeit.de,Kleinunternehmen (50-200),Zeitarbeit / Personaldienstleistung,Regional Düsseldorf
Creativ Personaldienstleistungen,Düsseldorf,Nordrhein-Westfalen,www.creativ-personal.de,Kleinunternehmen (50-200),Zeitarbeit / Personaldienstleistung,Regional NRW
Stegmed GmbH,Düsseldorf,Nordrhein-Westfalen,www.stegmed.de,Kleinunternehmen (50-200),Zeitarbeit / Medizin,Spezialist Medizin
RIGHTHEAD GmbH,Düsseldorf,Nordrhein-Westfalen,www.righthead.de,Kleinunternehmen (50-200),Zeitarbeit / Personalvermittlung,Regional Düsseldorf
Klaus Dieter Petri Personaldienstleistungs GmbH,Düsseldorf,Nordrhein-Westfalen,www.petri-personal.de,Kleinunternehmen (50-200),Zeitarbeit / Personaldienstleistung,Regional Düsseldorf
PERSO PLANKONTOR GmbH,Düsseldorf,Nordrhein-Westfalen,www.persoplankontor.de,Kleinunternehmen (50-200),Zeitarbeit / Personaldienstleistung,Regional Düsseldorf
Zedus Services GmbH,Düsseldorf,Nordrhein-Westfalen,www.zedus.de,Kleinunternehmen (50-200),Zeitarbeit / Personaldienstleistung,Regional Düsseldorf
LOB Gesellschaft für flexible Beschäftigungsformen mbH,Düsseldorf,Nordrhein-Westfalen,www.lob.de,Kleinunternehmen (50-200),Zeitarbeit / Personaldienstleistung,Regional Düsseldorf
Pegasus GmbH,Düsseldorf,Nordrhein-Westfalen,www.pegasus-personal.de,Kleinunternehmen (50-200),Zeitarbeit / Personaldienstleistung,Regional Düsseldorf
MPIECE GmbH,Düsseldorf,Nordrhein-Westfalen,www.mpiece.de,Kleinunternehmen (50-200),Zeitarbeit / Personaldienstleistung,Regional Düsseldorf
Permacon GmbH,Düsseldorf,Nordrhein-Westfalen,www.permacon.de,Mittelunternehmen (200-500),Zeitarbeit / Personaldienstleistung,Bundesweit präsent
Wiesmann Personalisten GmbH,Düsseldorf,Nordrhein-Westfalen,www.wiesmann-personalisten.de,Kleinunternehmen (50-200),Zeitarbeit / Personalvermittlung,Regional Düsseldorf
R.H. Personalmanagement GmbH,Ratingen,Nordrhein-Westfalen,www.rh-personal.de,Kleinunternehmen (50-200),Zeitarbeit / Personaldienstleistung,Regional NRW
Rodopi Personal GmbH,Düsseldorf,Nordrhein-Westfalen,www.rodopi.de,Kleinunternehmen (50-200),Zeitarbeit / Personaldienstleistung,Regional Düsseldorf
Servite GmbH,Düsseldorf,Nordrhein-Westfalen,www.servite.de,Kleinunternehmen (50-200),Zeitarbeit / Personaldienstleistung,Regional Düsseldorf
Personalkonzept Meurer GmbH,Neuss,Nordrhein-Westfalen,www.personalkonzept-meurer.de,Kleinunternehmen (50-200),Zeitarbeit / Personaldienstleistung,Regional NRW
INPEMA Medical GmbH,Neuss,Nordrhein-Westfalen,www.inpema.de,Kleinunternehmen (50-200),Zeitarbeit / Medizin,Spezialist Medizin
Glantz GmbH Co. KG,Düsseldorf,Nordrhein-Westfalen,www.glantz.de,Kleinunternehmen (50-200),Zeitarbeit / Personaldienstleistung,Regional Düsseldorf
AES Arbeits Entlastungs Service GmbH,Düsseldorf,Nordrhein-Westfalen,www.aes-service.de,Kleinunternehmen (50-200),Zeitarbeit / Personaldienstleistung,Regional Düsseldorf
Thomsen GmbH,Düsseldorf,Nordrhein-Westfalen,www.thomsen-personal.de,Kleinunternehmen (50-200),Zeitarbeit / Personaldienstleistung,Regional Düsseldorf
GPM Gesellschaft für Personalmanagement mbH,Stuttgart,Baden-Württemberg,www.gpm.de,Kleinunternehmen (50-200),Zeitarbeit / Personaldienstleistung,Regional Stuttgart
Dr. Stern Stuttgart GmbH,Stuttgart,Baden-Württemberg,www.dr-stern.de,Kleinunternehmen (50-200),Zeitarbeit / Personaldienstleistung,Regional Stuttgart
Fischer Personalservice GmbH,Stuttgart,Baden-Württemberg,www.fischer-personalservice.de,Kleinunternehmen (50-200),Zeitarbeit / Personaldienstleistung,Regional Stuttgart
hsi personaldienste hart & schenk gmbH,Stuttgart,Baden-Württemberg,www.hsi-personal.de,Kleinunternehmen (50-200),Zeitarbeit / Personaldienstleistung,Regional Stuttgart
Kruschina GmbH & Co.KG,Stuttgart,Baden-Württemberg,www.kruschina.de,Kleinunternehmen (50-200),Zeitarbeit / Personaldienstleistung,Regional Stuttgart
asolco group AG,Stuttgart,Baden-Württemberg,www.asolco.de,Kleinunternehmen (50-200),Zeitarbeit / Personaldienstleistung,Regional Stuttgart
DISPO Personaldienstleistungen GmbH,Stuttgart,Baden-Württemberg,www.dispo-personal.de,Kleinunternehmen (50-200),Zeitarbeit / Personaldienstleistung,Regional Stuttgart
DK Personal-Leasing,Stuttgart,Baden-Württemberg,www.dk-personal.de,Kleinunternehmen (50-200),Zeitarbeit / Personalleasing,Regional Stuttgart
H+K Ingenieur-Service AG,Stuttgart,Baden-Württemberg,www.hk-ingenieur.de,Kleinunternehmen (50-200),Zeitarbeit / Ingenieure,Spezialist Ingenieure
Team B. Ostermann Zeitarbeit GmbH,Stuttgart,Baden-Württemberg,www.ostermann-zeitarbeit.de,Kleinunternehmen (50-200),Zeitarbeit / Personaldienstleistung,Regional Stuttgart
Profi Zeitarbeit GmbH,Stuttgart,Baden-Württemberg,www.profi-zeitarbeit.de,Kleinunternehmen (50-200),Zeitarbeit / Personaldienstleistung,Regional Stuttgart
Stegmann Personaldienstleistung GmbH,Stuttgart,Baden-Württemberg,www.stegmann-personal.de,Mittelunternehmen (200-500),Zeitarbeit / Personaldienstleistung,Bundesweit präsent
TIP-TOP Personaldienst GmbH,Stuttgart,Baden-Württemberg,www.tip-top-personal.de,Kleinunternehmen (50-200),Zeitarbeit / Personaldienstleistung,Regional Stuttgart
Allgemeine Zeitarbeit GmbH,Stuttgart,Baden-Württemberg,www.az-personal.de,Kleinunternehmen (50-200),Zeitarbeit / Personaldienstleistung,Regional Stuttgart
ATS Industrial GROUP,Stuttgart,Baden-Württemberg,www.ats-industrial.de,Kleinunternehmen (50-200),Zeitarbeit / Industrie,Regional Stuttgart
Connect-P GmbH,Stuttgart,Baden-Württemberg,www.connect-p.de,Kleinunternehmen (50-200),Zeitarbeit / Personaldienstleistung,Regional Stuttgart
Lenkzeit Kraftfahrer und Logistik Personalleasing GmbH,Fellbach,Baden-Württemberg,www.lenkzeit.de,Kleinunternehmen (50-200),Zeitarbeit / Fahrer & Logistik,Spezialist Logistik
akzent personalberatung GmbH,Stuttgart,Baden-Württemberg,www.akzent-personal.de,Kleinunternehmen (50-200),Zeitarbeit / Personalberatung,Regional Stuttgart
Clahsen GmbH,Stuttgart,Baden-Württemberg,www.clahsen.de,Kleinunternehmen (50-200),Zeitarbeit / Personaldienstleistung,Regional Stuttgart
RUNPARTNER GmbH,Stuttgart,Baden-Württemberg,www.runpartner.de,Kleinunternehmen (50-200),Zeitarbeit / Personaldienstleistung,Regional Stuttgart
PAZ Personal auf Zeit GmbH,Stuttgart,Baden-Württemberg,www.paz-personal.de,Kleinunternehmen (50-200),Zeitarbeit / Personaldienstleistung,Regional Stuttgart
conceptAS Zeitarbeit,Stuttgart,Baden-Württemberg,www.conceptas.de,Kleinunternehmen (50-200),Zeitarbeit / Personaldienstleistung,Regional Stuttgart
Seebacher GmbH,Stuttgart,Baden-Württemberg,www.seebacher.de,Kleinunternehmen (50-200),Zeitarbeit / Personaldienstleistung,Regional Stuttgart
Akzent Personalleasing GmbH,Nürnberg,Bayern,www.akzent-personalleasing.de,Kleinunternehmen (50-200),Zeitarbeit / Personalleasing,Regional Bayern
Assmann Zeitarbeit GmbH,Nürnberg,Bayern,www.assmann-zeitarbeit.de,Kleinunternehmen (50-200),Zeitarbeit / Personaldienstleistung,Regional Nürnberg
Schilling & Domke GmbH & Co. KG,Nürnberg,Bayern,www.schilling-domke.de,Kleinunternehmen (50-200),Zeitarbeit / Personaldienstleistung,Regional Nürnberg
Lorenz Office GmbH & Co. KG,Nürnberg,Bayern,www.lorenz-office.de,Kleinunternehmen (50-200),Zeitarbeit / Büropersonal,Regional Nürnberg
Office Professional Personalmanagement GmbH,Nürnberg,Bayern,www.office-professional.de,Kleinunternehmen (50-200),Zeitarbeit / Büropersonal,Regional Nürnberg
ahead personal management GmbH,Nürnberg,Bayern,www.ahead-personal.de,Kleinunternehmen (50-200),Zeitarbeit / Personaldienstleistung,Regional Nürnberg
Bader & Kara Zeitarbeit,Nürnberg,Bayern,www.bader-kara.de,Kleinunternehmen (<50),Zeitarbeit / Personaldienstleistung,Kleinstunternehmen
Helmi Göttler GmbH,Nürnberg,Bayern,www.goettler-personal.de,Kleinunternehmen (50-200),Zeitarbeit / Personaldienstleistung,Regional Nürnberg
Berg Zeitarbeit GmbH,Nürnberg,Bayern,www.berg-zeitarbeit.de,Kleinunternehmen (50-200),Zeitarbeit / Personaldienstleistung,Regional Nürnberg
UNIQUE Personalservice GmbH,Nürnberg,Bayern,www.unique.de,Mittelunternehmen (200-500),Zeitarbeit / Personaldienstleistung,Bundesweit präsent
Run Zeitarbeit GmbH,Nürnberg,Bayern,www.run-zeitarbeit.de,Kleinunternehmen (50-200),Zeitarbeit / Personaldienstleistung,Regional Nürnberg
Runtime Services GmbH,Nürnberg,Bayern,www.runtime-services.de,Kleinunternehmen (50-200),Zeitarbeit / Personaldienstleistung,Regional Nürnberg
ZP Zeitpartner GmbH,Nürnberg,Bayern,www.zeitpartner.de,Kleinunternehmen (50-200),Zeitarbeit / Personaldienstleistung,Regional Nürnberg
AN-Zeitarbeit GmbH,Nürnberg,Bayern,www.an-zeitarbeit.de,Kleinunternehmen (50-200),Zeitarbeit / Personaldienstleistung,Regional Nürnberg
GFZ Services GmbH,Nürnberg,Bayern,www.gfz-services.de,Kleinunternehmen (50-200),Zeitarbeit / Personaldienstleistung,Regional Nürnberg
Timestaff GmbH,Fürth,Bayern,www.timestaff.de,Kleinunternehmen (50-200),Zeitarbeit / Personaldienstleistung,Regional Nürnberg/Fürth
arina personal gmbh,Nürnberg,Bayern,www.arina-personal.de,Kleinunternehmen (50-200),Zeitarbeit / Personaldienstleistung,Regional Nürnberg
Löwenherz Personal GmbH,Nürnberg,Bayern,www.loewenherz-personal.de,Kleinunternehmen (50-200),Zeitarbeit / Personaldienstleistung,Regional Nürnberg
berg-it Projektdienstleistungen GmbH,Nürnberg,Bayern,www.berg-it.de,Kleinunternehmen (50-200),Zeitarbeit / IT,Spezialist IT
Faulhaber Gruppe,Nürnberg,Bayern,www.faulhaber.de,Kleinunternehmen (50-200),Zeitarbeit / Personaldienstleistung,Regional Nürnberg
Friedrich Personal GmbH,Nürnberg,Bayern,www.friedrich-personal.de,Kleinunternehmen (50-200),Zeitarbeit / Personaldienstleistung,Regional Nürnberg
DG timework GmbH,Nürnberg,Bayern,www.dg-timework.de,Kleinunternehmen (50-200),Zeitarbeit / Personaldienstleistung,Regional Nürnberg
Incoba Dienstleistungs GmbH,Nürnberg,Bayern,www.incoba.de,Kleinunternehmen (50-200),Zeitarbeit / Personaldienstleistung,Regional Nürnberg
AMBAU Personalservice GmbH,Nürnberg,Bayern,www.ambau.de,Kleinunternehmen (50-200),Zeitarbeit / Bau & Montage,Regional Nürnberg
LFH Nürnberger Zeitarbeit GmbH,Nürnberg,Bayern,www.lfh.de,Kleinunternehmen (50-200),Zeitarbeit / Personaldienstleistung,Regional Nürnberg
Monza GmbH,Hannover,Niedersachsen,www.monza.de,Kleinunternehmen (50-200),Zeitarbeit / Personaldienstleistung,Regional Hannover
Zaquensis GmbH,Hannover,Niedersachsen,www.zaquensis.de,Kleinunternehmen (50-200),Zeitarbeit / Personaldienstleistung,Regional Hannover
Striewe Zeitarbeit GmbH,Hannover,Niedersachsen,www.striewe.de,Kleinunternehmen (50-200),Zeitarbeit / Personaldienstleistung,Regional Hannover
PersonalTeam-Kösling GmbH,Hannover,Niedersachsen,www.personalteam-koesling.de,Kleinunternehmen (50-200),Zeitarbeit / Personaldienstleistung,Regional Hannover
Busy 4 you Personalservice GmbH,Hannover,Niedersachsen,www.busy4you.de,Kleinunternehmen (50-200),Zeitarbeit / Personaldienstleistung,Regional Hannover
PPL Point Personal Leasing GmbH,Hannover,Niedersachsen,www.ppl.de,Kleinunternehmen (50-200),Zeitarbeit / Personalleasing,Regional Hannover
Planer GmbH Personal Leasing u. Service,Hannover,Niedersachsen,www.planer-personal.de,Kleinunternehmen (50-200),Zeitarbeit / Personalleasing,Regional Hannover
Heym & Partner Personal-Service GmbH,Hannover,Niedersachsen,www.heym-partner.de,Kleinunternehmen (50-200),Zeitarbeit / Personaldienstleistung,Regional Hannover
Kuhn Personalmanagement GmbH,Hannover,Niedersachsen,www.kuhn-personal.de,Kleinunternehmen (50-200),Zeitarbeit / Personaldienstleistung,Regional Hannover
Delta Personalservice Schäffer OHG,Hannover,Niedersachsen,www.delta-personal.de,Kleinunternehmen (50-200),Zeitarbeit / Personaldienstleistung,Regional Hannover
Office People,Hannover,Niedersachsen,www.officepeople.de,Mittelunternehmen (200-500),Zeitarbeit / Personaldienstleistung,Bundesweit präsent
team@work GmbH,Hannover,Niedersachsen,www.teamatwork.de,Kleinunternehmen (50-200),Zeitarbeit / Personaldienstleistung,Regional Hannover
Widderich Personallogistik GmbH,Hannover,Niedersachsen,www.widderich.de,Kleinunternehmen (50-200),Zeitarbeit / Personallogistik,Regional Hannover
ABIS Albrecht GmbH,Hannover,Niedersachsen,www.abis.de,Kleinunternehmen (50-200),Zeitarbeit / Personaldienstleistung,Regional Hannover
aerotime GmbH,Hannover,Niedersachsen,www.aerotime.de,Kleinunternehmen (50-200),Zeitarbeit / Aviation,Spezialist Luftfahrt
Partner Personaldienste Mitte GmbH,Hannover,Niedersachsen,www.partner-personal.de,Kleinunternehmen (50-200),Zeitarbeit / Personaldienstleistung,Regional Hannover
Buhl Gastronomie Personal-Service,Hannover,Niedersachsen,www.buhl-personal.de,Kleinunternehmen (50-200),Zeitarbeit / Gastronomie,Spezialist Gastronomie
RUN Zeitarbeit GmbH,Hannover,Niedersachsen,www.run-zeitarbeit.de,Kleinunternehmen (50-200),Zeitarbeit / Personaldienstleistung,Regional Hannover
IHD Personal-Leasing GmbH,Hannover,Niedersachsen,www.ihd-personal.de,Kleinunternehmen (50-200),Zeitarbeit / Personalleasing,Regional Hannover
diwa GmbH,Hannover,Niedersachsen,www.diwa.de,Kleinunternehmen (50-200),Zeitarbeit / Personaldienstleistung,Regional Hannover
NordPersonal,Bad Oldesloe,Schleswig-Holstein,www.nordpersonal.de,Kleinunternehmen (50-200),Zeitarbeit / Personaldienstleistung,Regional Norddeutschland
Impuls Personal GmbH,Köln,Nordrhein-Westfalen,www.impulspersonal.de,Kleinunternehmen (50-200),Zeitarbeit / Personaldienstleistung,Regional Köln
Hays Recruiting Experts Worldwide AG,Mannheim,Baden-Württemberg,www.hays.de,Großunternehmen (>5000),Personalvermittlung / IT,Spezialist Fachkräfte
Robert Half GmbH,Frankfurt am Main,Hessen,www.roberthalf.de,Großunternehmen (>3000),Personalvermittlung / Finance,Spezialist Finance
Michael Page,Frankfurt am Main,Hessen,www.michaelpage.de,Großunternehmen (>3000),Personalvermittlung / Executive,Spezialist Executive Search
Page Personnel,Frankfurt am Main,Hessen,www.pagepersonnel.de,Großunternehmen (>3000),Personalvermittlung,Spezialist Kaufmännisch
Trenkwalder Personaldienste GmbH,München,Bayern,www.trenkwalder.com,Großunternehmen (>5000),Zeitarbeit / Personaldienstleistung,Österreichische Muttergesellschaft
Sodexo On-site Services,Berlin,Berlin,www.sodexo.de,Großunternehmen (>10000),Zeitarbeit / Facility,Teil Sodexo Gruppe
Alten GmbH,München,Bayern,www.alten.de,Mittelunternehmen (500-3000),Zeitarbeit / Engineering & IT,Spezialist Ingenieure
Bertrandt AG,Ehningen,Baden-Württemberg,www.bertrandt.de,Großunternehmen (>10000),Zeitarbeit / Engineering,Spezialist Automotive
ARTS Expert Technology GmbH,Dresden,Sachsen,www.arts.de,Mittelunternehmen (200-500),Zeitarbeit / Aerospace,Spezialist Luft- und Raumfahrt
Gulp Information Services GmbH,München,Bayern,www.gulp.de,Mittelunternehmen (200-500),Zeitarbeit / IT Freelancer,Spezialist IT Freelancer
Solcom GmbH,Reutlingen,Baden-Württemberg,www.solcom.de,Mittelunternehmen (200-500),Zeitarbeit / IT Freelancer,Spezialist IT Freelancer
Headfirst AG,München,Bayern,www.headfirst.de,Mittelunternehmen (200-500),Zeitarbeit / IT & Engineering,Spezialist IT
Etengo AG,Mannheim,Baden-Württemberg,www.etengo.de,Mittelunternehmen (200-500),Zeitarbeit / IT Freelancer,Spezialist IT
Modis GmbH,Düsseldorf,Nordrhein-Westfalen,www.modis.de,Mittelunternehmen (200-500),Zeitarbeit / IT & Engineering,Teil Adecco Gruppe
Kelly Services,Frankfurt am Main,Hessen,www.kellyservices.de,Großunternehmen (>3000),Zeitarbeit / Personaldienstleistung,International
Volt Europe GmbH,München,Bayern,www.volt.eu,Mittelunternehmen (200-500),Zeitarbeit / IT & Engineering,International
Grafton Recruitment,Düsseldorf,Nordrhein-Westfalen,www.grafton.de,Mittelunternehmen (200-500),Personalvermittlung,International
Hudson Global GmbH,Frankfurt am Main,Hessen,www.hudson.de,Mittelunternehmen (200-500),Personalvermittlung,International
Franz & Wach Personalservice GmbH,Berlin,Berlin,www.franz-wach.de,Mittelunternehmen (200-500),Zeitarbeit / Personaldienstleistung,Bundesweit
DEKRA Arbeit GmbH,Frankfurt am Main,Hessen,www.dekra-arbeit.de,Großunternehmen (>5000),Zeitarbeit / Personaldienstleistung,Bundesweit
Klüh Personal Service GmbH,München,Bayern,www.klueh.de,Großunternehmen (>3000),Zeitarbeit / Facility & Personal,Bundesweit
Catering-Company Deutschland GmbH,Holzwickede,Nordrhein-Westfalen,www.catering-company.de,Kleinunternehmen (50-200),Promotion / Messe & Event,Spezialist Messe-Personal
DI POOL Promotion,Dortmund,Nordrhein-Westfalen,www.dipool.de,Kleinunternehmen (50-200),Promotion / Marketing,Spezialist Field Marketing
Homfeldt promotion- & workwear,Dortmund,Nordrhein-Westfalen,www.homfeldt-promotion.de,Kleinunternehmen (<50),Promotion / Werbung,Kleinstunternehmen
bestofchoice by KBP Promotion GmbH,Dortmund,Nordrhein-Westfalen,www.kbp-promotion.de,Kleinunternehmen (50-200),Promotion / Event,Regional NRW
Ikarus Promotion Ltd.,Gelsenkirchen,Nordrhein-Westfalen,www.ikarus-promotion.de,Kleinunternehmen (<50),Promotion / Veranstaltung,Kleinstunternehmen
MSK Promotion,Essen,Nordrhein-Westfalen,www.msk-promotion.de,Kleinunternehmen (<50),Promotion / Marketing,Kleinstunternehmen
P. U. H. Service Promotion & Hostess Agentur,Dortmund,Nordrhein-Westfalen,www.puh-service.de,Kleinunternehmen (50-200),Promotion / Hostessen,Spezialist Messe-Hostessen
PERKOM-Promotion Marketing,Essen,Nordrhein-Westfalen,www.perkom.de,Kleinunternehmen (<50),Promotion / Marketing,Kleinstunternehmen
Preusse GmbH Promotionagentur,Mülheim an der Ruhr,Nordrhein-Westfalen,www.preusse-promotion.de,Kleinunternehmen (50-200),Promotion / Event,Regional NRW
Zeitung Promotion Service GmbH,Dortmund,Nordrhein-Westfalen,www.zps.de,Kleinunternehmen (50-200),Promotion / Medien,Spezialist Medienpromotion
Snow Promotion GmbH,Mülheim an der Ruhr,Nordrhein-Westfalen,www.snow-promotion.de,Kleinunternehmen (<50),Promotion / Event,Kleinstunternehmen
Eventpersonal24 GmbH,Berlin,Berlin,www.eventpersonal24.de,Kleinunternehmen (50-200),Promotion / Event & Messe,Spezialist Eventpersonal
Promoteam GmbH,München,Bayern,www.promoteam.de,Kleinunternehmen (50-200),Promotion / POS & Event,Spezialist Promotion
PromoGroup Germany GmbH,Hamburg,Hamburg,www.promogroup.de,Kleinunternehmen (50-200),Promotion / Field Marketing,Regional Hamburg
staffbase GmbH,Chemnitz,Sachsen,www.staffbase.com,Mittelunternehmen (200-500),HR Software,Mitarbeiter-App Anbieter
MRONZ Promotion GmbH,Köln,Nordrhein-Westfalen,www.mronz.de,Kleinunternehmen (50-200),Promotion / Event,Spezialist Sportevent
4event GmbH,München,Bayern,www.4event.de,Kleinunternehmen (50-200),Promotion / Event,Spezialist Events
Triad Berlin,Berlin,Berlin,www.triad.de,Kleinunternehmen (50-200),Promotion / Messe & Ausstellung,Spezialist Messeaufbau
ID Agentur GmbH,Düsseldorf,Nordrhein-Westfalen,www.id-agentur.de,Kleinunternehmen (50-200),Promotion / Event & Marketing,Regional Düsseldorf
epromo GmbH,Köln,Nordrhein-Westfalen,www.epromo.de,Kleinunternehmen (50-200),Promotion / Digital Promotion,Spezialist Digital
Field Marketing Group GmbH,Frankfurt am Main,Hessen,www.fieldmarketing.de,Kleinunternehmen (50-200),Promotion / Field Marketing,Spezialist Field Marketing
Agentur Neues GmbH,Hamburg,Hamburg,www.agentur-neues.de,Kleinunternehmen (50-200),Promotion / Event,Regional Hamburg
PromoExperts GmbH,Berlin,Berlin,www.promoexperts.de,Kleinunternehmen (50-200),Promotion / Event & POS,Spezialist Promotion
PromoCrew GmbH,München,Bayern,www.promocrew.de,Kleinunternehmen (50-200),Promotion / Event & Messe,Regional München
MAST Jaeger GmbH,Hamburg,Hamburg,www.mastjaeger.de,Kleinunternehmen (50-200),Promotion / Außenwerbung,Spezialist OOH
Phibert GmbH,Köln,Nordrhein-Westfalen,www.phibert.de,Kleinunternehmen (50-200),Promotion / Event,Regional Köln
just.be.good GmbH Promotionagentur,Berlin,Berlin,www.justbegood.de,Kleinunternehmen (50-200),Promotion / Event & Digital,Spezialist Promotion
K&D Promotion GmbH,Frankfurt am Main,Hessen,www.kd-promotion.de,Kleinunternehmen (50-200),Promotion / Event & Messe,Regional Frankfurt
PRO Promotion GmbH,Hamburg,Hamburg,www.pro-promotion.de,Kleinunternehmen (50-200),Promotion / POS & Event,Regional Hamburg
SalesPromotion GmbH,Köln,Nordrhein-Westfalen,www.salespromotion.de,Kleinunternehmen (50-200),Promotion / Sales & Marketing,Spezialist Verkaufsförderung
media.work GmbH,Hamburg,Hamburg,www.mediawork.de,Kleinunternehmen (50-200),Promotion / Medien,Spezialist Medienpromotion
Jobandmore GmbH,Berlin,Berlin,www.jobandmore.de,Kleinunternehmen (50-200),Promotion / Event & Messe,Spezialist Messe
Cross Promotion GmbH,München,Bayern,www.cross-promotion.de,Kleinunternehmen (50-200),Promotion / Guerilla Marketing,Spezialist Guerilla
Pilot Agentur GmbH,Hamburg,Hamburg,www.pilot.de,Mittelunternehmen (200-500),Promotion / Media,Spezialist Media
Markenagentur König & Böcker,Düsseldorf,Nordrhein-Westfalen,www.koenig-boecker.de,Kleinunternehmen (50-200),Promotion / Markenführung,Spezialist Marken
Zeppelin Events & Promotion GmbH,Stuttgart,Baden-Württemberg,www.zeppelin-events.de,Kleinunternehmen (50-200),Promotion / Events,Regional Stuttgart
Feuerland Events & Promotion,Berlin,Berlin,www.feuerland-events.de,Kleinunternehmen (50-200),Promotion / Event,Regional Berlin
Tiger & Friends GmbH,Hamburg,Hamburg,www.tiger-friends.de,Kleinunternehmen (50-200),Promotion / Kinder & Familie,Spezialist Family Events
POS Experts GmbH,Frankfurt am Main,Hessen,www.pos-experts.de,Kleinunternehmen (50-200),Promotion / POS,Spezialist Point of Sale
activpersonal GmbH,Leipzig,Sachsen,www.activpersonal.de,Kleinunternehmen (50-200),Zeitarbeit / Personaldienstleistung,Regional Sachsen
ADIS Arbeitnehmer-Dienst GmbH,Leipzig,Sachsen,www.adis.de,Kleinunternehmen (50-200),Zeitarbeit / Personaldienstleistung,Regional Sachsen
Primus Personal GmbH,Leipzig,Sachsen,www.primus-personal.de,Kleinunternehmen (50-200),Zeitarbeit / Personaldienstleistung,Regional Sachsen
Maximus Personaldienstleistungen GmbH,Dresden,Sachsen,www.maximus-personal.de,Kleinunternehmen (50-200),Zeitarbeit / Personaldienstleistung,Regional Sachsen
East German Personal Service GmbH,Dresden,Sachsen,www.egps.de,Kleinunternehmen (50-200),Zeitarbeit / Personaldienstleistung,Regional Ostdeutschland
Arbeit & Leben GmbH,Dresden,Sachsen,www.arbeitleben.de,Kleinunternehmen (50-200),Zeitarbeit / Personaldienstleistung,Regional Sachsen
APS Personalservice GmbH,Erfurt,Thüringen,www.aps-personal.de,Kleinunternehmen (50-200),Zeitarbeit / Personaldienstleistung,Regional Thüringen
Thuringia Personalmanagement GmbH,Erfurt,Thüringen,www.thuringia-personal.de,Kleinunternehmen (50-200),Zeitarbeit / Personaldienstleistung,Regional Thüringen
Hanse Personalservice GmbH,Bremen,Bremen,www.hanse-personalservice.de,Kleinunternehmen (50-200),Zeitarbeit / Personaldienstleistung,Regional Bremen
Bremerhavener Personal Service GmbH,Bremerhaven,Bremen,www.bps.de,Kleinunternehmen (50-200),Zeitarbeit / Personaldienstleistung,Regional Norddeutschland
Nordsee Personal GmbH,Flensburg,Schleswig-Holstein,www.nordsee-personal.de,Kleinunternehmen (50-200),Zeitarbeit / Personaldienstleistung,Regional Schleswig-Holstein
Lübeck Personal Service GmbH,Lübeck,Schleswig-Holstein,www.luebeck-personal.de,Kleinunternehmen (50-200),Zeitarbeit / Personaldienstleistung,Regional Schleswig-Holstein
Rostock Personal GmbH,Rostock,Mecklenburg-Vorpommern,www.rostock-personal.de,Kleinunternehmen (50-200),Zeitarbeit / Personaldienstleistung,Regional MV
Greifswald Zeitarbeit GmbH,Greifswald,Mecklenburg-Vorpommern,www.gz-personal.de,Kleinunternehmen (50-200),Zeitarbeit / Personaldienstleistung,Regional MV
Schweriner Personal GmbH,Schwerin,Mecklenburg-Vorpommern,www.schweriner-personal.de,Kleinunternehmen (50-200),Zeitarbeit / Personaldienstleistung,Regional MV
PSD Personal Service Dresden GmbH,Dresden,Sachsen,www.psd-personal.de,Kleinunternehmen (50-200),Zeitarbeit / Personaldienstleistung,Regional Sachsen
Chemnitz Personal GmbH,Chemnitz,Sachsen,www.chemnitz-personal.de,Kleinunternehmen (50-200),Zeitarbeit / Personaldienstleistung,Regional Sachsen
Zwickau Zeitarbeit GmbH,Zwickau,Sachsen,www.zwickau-zeitarbeit.de,Kleinunternehmen (50-200),Zeitarbeit / Personaldienstleistung,Regional Sachsen
Halle Personal Service GmbH,Halle (Saale),Sachsen-Anhalt,www.halle-personal.de,Kleinunternehmen (50-200),Zeitarbeit / Personaldienstleistung,Regional Sachsen-Anhalt
Magdeburg Personalservice GmbH,Magdeburg,Sachsen-Anhalt,www.magdeburg-personal.de,Kleinunternehmen (50-200),Zeitarbeit / Personaldienstleistung,Regional Sachsen-Anhalt
Hansefit Personal GmbH,Kiel,Schleswig-Holstein,www.hansefit-personal.de,Kleinunternehmen (50-200),Zeitarbeit / Personaldienstleistung,Regional Schleswig-Holstein
Regional Personal Service GmbH,Kassel,Hessen,www.rps.de,Kleinunternehmen (50-200),Zeitarbeit / Personaldienstleistung,Regional Nordhessen
Kasseler Personalservice GmbH,Kassel,Hessen,www.kasseler-personal.de,Kleinunternehmen (50-200),Zeitarbeit / Personaldienstleistung,Regional Nordhessen
Wiesbadener Personal GmbH,Wiesbaden,Hessen,www.wiesbadener-personal.de,Kleinunternehmen (50-200),Zeitarbeit / Personaldienstleistung,Regional Hessen
Mainzer Personalservice GmbH,Mainz,Rheinland-Pfalz,www.mainzer-personal.de,Kleinunternehmen (50-200),Zeitarbeit / Personaldienstleistung,Regional Rheinland-Pfalz
Ludwigshafener Personal GmbH,Ludwigshafen,Rheinland-Pfalz,www.lp-personal.de,Kleinunternehmen (50-200),Zeitarbeit / Personaldienstleistung,Regional Rheinland-Pfalz
Koblenz Personal Service GmbH,Koblenz,Rheinland-Pfalz,www.koblenz-personal.de,Kleinunternehmen (50-200),Zeitarbeit / Personaldienstleistung,Regional Rheinland-Pfalz
Trier Personaldienstleistungen GmbH,Trier,Rheinland-Pfalz,www.trier-personal.de,Kleinunternehmen (50-200),Zeitarbeit / Personaldienstleistung,Regional Rheinland-Pfalz
Mannheim Personal Service GmbH,Mannheim,Baden-Württemberg,www.mannheim-personal.de,Kleinunternehmen (50-200),Zeitarbeit / Personaldienstleistung,Regional Baden-Württemberg
Karlsruhe Personal GmbH,Karlsruhe,Baden-Württemberg,www.ka-personal.de,Kleinunternehmen (50-200),Zeitarbeit / Personaldienstleistung,Regional Baden-Württemberg
Pforzheimer Personalservice GmbH,Pforzheim,Baden-Württemberg,www.pforzheim-personal.de,Kleinunternehmen (50-200),Zeitarbeit / Personaldienstleistung,Regional Baden-Württemberg
Freiburg Zeitarbeit GmbH,Freiburg im Breisgau,Baden-Württemberg,www.freiburg-zeitarbeit.de,Kleinunternehmen (50-200),Zeitarbeit / Personaldienstleistung,Regional Baden-Württemberg
Ulm Personal GmbH,Ulm,Baden-Württemberg,www.ulm-personal.de,Kleinunternehmen (50-200),Zeitarbeit / Personaldienstleistung,Regional Baden-Württemberg
Heidelberg Personalservice GmbH,Heidelberg,Baden-Württemberg,www.heidelberg-personal.de,Kleinunternehmen (50-200),Zeitarbeit / Personaldienstleistung,Regional Baden-Württemberg
Augsburg Personal GmbH,Augsburg,Bayern,www.augsburg-personal.de,Kleinunternehmen (50-200),Zeitarbeit / Personaldienstleistung,Regional Bayern
Regensburg Zeitarbeit GmbH,Regensburg,Bayern,www.regensburg-zeitarbeit.de,Kleinunternehmen (50-200),Zeitarbeit / Personaldienstleistung,Regional Bayern
Ingolstadt Personal Service GmbH,Ingolstadt,Bayern,www.ingolstadt-personal.de,Kleinunternehmen (50-200),Zeitarbeit / Personaldienstleistung,Regional Bayern
Würzburg Personaldienstleistungen GmbH,Würzburg,Bayern,www.wuerzburg-personal.de,Kleinunternehmen (50-200),Zeitarbeit / Personaldienstleistung,Regional Bayern
Landshut Personal GmbH,Landshut,Bayern,www.landshut-personal.de,Kleinunternehmen (50-200),Zeitarbeit / Personaldienstleistung,Regional Bayern
Rosenheim Zeitarbeit GmbH,Rosenheim,Bayern,www.rosenheim-zeitarbeit.de,Kleinunternehmen (50-200),Zeitarbeit / Personaldienstleistung,Regional Bayern
Passau Personal Service GmbH,Passau,Bayern,www.passau-personal.de,Kleinunternehmen (50-200),Zeitarbeit / Personaldienstleistung,Regional Bayern
Bielefeld Personal GmbH,Bielefeld,Nordrhein-Westfalen,www.bielefeld-personal.de,Kleinunternehmen (50-200),Zeitarbeit / Personaldienstleistung,Regional NRW
Bochum Zeitarbeit GmbH,Bochum,Nordrhein-Westfalen,www.bochum-zeitarbeit.de,Kleinunternehmen (50-200),Zeitarbeit / Personaldienstleistung,Regional NRW
Dortmund Personal Service GmbH,Dortmund,Nordrhein-Westfalen,www.dortmund-personal.de,Kleinunternehmen (50-200),Zeitarbeit / Personaldienstleistung,Regional NRW
Essen Personal GmbH,Essen,Nordrhein-Westfalen,www.essen-personal.de,Kleinunternehmen (50-200),Zeitarbeit / Personaldienstleistung,Regional NRW
Wuppertal Zeitarbeit GmbH,Wuppertal,Nordrhein-Westfalen,www.wuppertal-zeitarbeit.de,Kleinunternehmen (50-200),Zeitarbeit / Personaldienstleistung,Regional NRW
Gelsenkirchen Personal Service GmbH,Gelsenkirchen,Nordrhein-Westfalen,www.gelsenkirchen-personal.de,Kleinunternehmen (50-200),Zeitarbeit / Personaldienstleistung,Regional NRW
Duisburg Personal GmbH,Duisburg,Nordrhein-Westfalen,www.duisburg-personal.de,Kleinunternehmen (50-200),Zeitarbeit / Personaldienstleistung,Regional NRW
Münster Personalservice GmbH,Münster,Nordrhein-Westfalen,www.muenster-personal.de,Kleinunternehmen (50-200),Zeitarbeit / Personaldienstleistung,Regional NRW
Saarbrücken Personal GmbH,Saarbrücken,Saarland,www.saarbruecken-personal.de,Kleinunternehmen (50-200),Zeitarbeit / Personaldienstleistung,Regional Saarland
Saar Personal Service GmbH,Saarlouis,Saarland,www.saar-personal.de,Kleinunternehmen (50-200),Zeitarbeit / Personaldienstleistung,Regional Saarland
Pro Personnel GmbH,Heidelberg,Baden-Württemberg,www.propersonnel.de,Kleinunternehmen (50-200),Zeitarbeit / Personaldienstleistung,Regional Baden-Württemberg
Menpower GmbH,Nürnberg,Bayern,www.menpower.de,Kleinunternehmen (50-200),Zeitarbeit / Personaldienstleistung,Regional Bayern
JobCenter Personal GmbH,Hamburg,Hamburg,www.jobcenter-personal.de,Kleinunternehmen (50-200),Zeitarbeit / Personaldienstleistung,Regional Hamburg
Flexwork GmbH,Frankfurt am Main,Hessen,www.flexwork.de,Kleinunternehmen (50-200),Zeitarbeit / Personaldienstleistung,Regional Frankfurt
EasyWork Personal GmbH,Hannover,Niedersachsen,www.easywork-personal.de,Kleinunternehmen (50-200),Zeitarbeit / Personaldienstleistung,Regional Hannover
workpool GmbH,München,Bayern,www.workpool.de,Kleinunternehmen (50-200),Zeitarbeit / Personaldienstleistung,Regional München
Sano Personal GmbH,Köln,Nordrhein-Westfalen,www.sano-personal.de,Kleinunternehmen (50-200),Zeitarbeit / Personaldienstleistung,Regional Köln
CREW-Perfect GmbH,Hamburg,Hamburg,www.crew-perfect.de,Kleinunternehmen (50-200),Promotion / Event & Messe,Spezialist Messepersonal
Hostessen Service GmbH,München,Bayern,www.hostessen-service.de,Kleinunternehmen (50-200),Promotion / Messe & Event,Spezialist Hostessen
Event Staff GmbH,Berlin,Berlin,www.eventstaff.de,Kleinunternehmen (50-200),Promotion / Event,Spezialist Eventpersonal
Messeservice24 GmbH,Frankfurt am Main,Hessen,www.messeservice24.de,Kleinunternehmen (50-200),Promotion / Messe,Spezialist Messe-Personal
ProHostess GmbH,Düsseldorf,Nordrhein-Westfalen,www.prohostess.de,Kleinunternehmen (50-200),Promotion / Hostessen,Spezialist Hostessen
Eventfactory GmbH,Hamburg,Hamburg,www.eventfactory.de,Kleinunternehmen (50-200),Promotion / Event,Regional Hamburg
ServicePoint GmbH,Köln,Nordrhein-Westfalen,www.servicepoint.de,Kleinunternehmen (50-200),Promotion / POS & Event,Regional Köln
Accentum GmbH,München,Bayern,www.accentum.de,Kleinunternehmen (50-200),Promotion / Marketing & Events,Regional München
brandactiv GmbH,Köln,Nordrhein-Westfalen,www.brandactiv.de,Kleinunternehmen (50-200),Promotion / Trade Marketing,Spezialist Trade Marketing
POS-Works GmbH,Hamburg,Hamburg,www.pos-works.de,Kleinunternehmen (50-200),Promotion / POS,Spezialist POS
Pallas GmbH,Frankfurt am Main,Hessen,www.pallas-personal.de,Kleinunternehmen (50-200),Promotion / Event & Messe,Regional Frankfurt
live-comm GmbH,Berlin,Berlin,www.live-comm.de,Kleinunternehmen (50-200),Promotion / Live Communication,Spezialist Events
Wato Wer arbeitet für wen,Hamburg,Hamburg,www.wato.de,Kleinunternehmen (50-200),Promotion / Event Freelancer,Spezialist Freelancer
Werkstudenten-Job.de GmbH,München,Bayern,www.werkstudenten-job.de,Kleinunternehmen (50-200),Zeitarbeit / Studenten,Spezialist Werkstudenten
ARWA Personaldienstleistungen GmbH,Stuttgart,Baden-Württemberg,www.arwa.de,Mittelunternehmen (200-500),Zeitarbeit / Personaldienstleistung,Bundesweit
Personalwerk GmbH & Co. KG,Karben,Hessen,www.personalwerk.de,Mittelunternehmen (200-500),HR Marketing,Spezialist Employer Branding
HR Solutions GmbH,München,Bayern,www.hr-solutions.de,Kleinunternehmen (50-200),Personalvermittlung,Regional München
Heidrick & Struggles,Frankfurt am Main,Hessen,www.heidrick.com,Großunternehmen (>3000),Personalvermittlung / Executive,Spezialist Executive Search
Spencer Stuart GmbH,Frankfurt am Main,Hessen,www.spencerstuart.de,Großunternehmen (>3000),Personalvermittlung / Executive,Spezialist Executive Search
Kienbaum GmbH,Düsseldorf,Nordrhein-Westfalen,www.kienbaum.de,Mittelunternehmen (200-500),Personalvermittlung / Executive,Spezialist Personalberatung
Personalhaus Gruppe,Düsseldorf,Nordrhein-Westfalen,www.personalhaus.de,Mittelunternehmen (200-500),Zeitarbeit / Personaldienstleistung,Regional NRW
ProBusiness GmbH,München,Bayern,www.probusiness.de,Kleinunternehmen (50-200),Zeitarbeit / Personaldienstleistung,Regional München
Flexteam GmbH,Hamburg,Hamburg,www.flexteam.de,Kleinunternehmen (50-200),Zeitarbeit / Personaldienstleistung,Regional Hamburg
allpersonal GmbH,Berlin,Berlin,www.allpersonal.de,Kleinunternehmen (50-200),Zeitarbeit / Personaldienstleistung,Regional Berlin
work+service GmbH,Nürnberg,Bayern,www.workandservice.de,Kleinunternehmen (50-200),Zeitarbeit / Personaldienstleistung,Regional Bayern
Belin Personal GmbH,Bochum,Nordrhein-Westfalen,www.belin-personal.de,Kleinunternehmen (50-200),Zeitarbeit / Personaldienstleistung,Regional NRW
PersonalPlus GmbH,Stuttgart,Baden-Württemberg,www.personalplus.de,Kleinunternehmen (50-200),Zeitarbeit / Personaldienstleistung,Regional Baden-Württemberg
Arbeitnehmerüberlassung Plus GmbH,Frankfurt am Main,Hessen,www.anue-plus.de,Kleinunternehmen (50-200),Zeitarbeit / Personaldienstleistung,Regional Frankfurt
ACCON Personal GmbH,Köln,Nordrhein-Westfalen,www.accon-personal.de,Kleinunternehmen (50-200),Zeitarbeit / Personaldienstleistung,Regional Köln
Adecon Personal GmbH,Hamburg,Hamburg,www.adecon.de,Kleinunternehmen (50-200),Zeitarbeit / Personaldienstleistung,Regional Hamburg
Rheingold Personal GmbH,Düsseldorf,Nordrhein-Westfalen,www.rheingold-personal.de,Kleinunternehmen (50-200),Zeitarbeit / Personaldienstleistung,Regional NRW
Zander Personal GmbH,Hannover,Niedersachsen,www.zander-personal.de,Kleinunternehmen (50-200),Zeitarbeit / Personaldienstleistung,Regional Niedersachsen
nph GmbH Personalservice,Berlin,Berlin,www.nph-personal.de,Kleinunternehmen (50-200),Zeitarbeit / Personaldienstleistung,Regional Berlin
Work Force Personalservice GmbH,München,Bayern,www.workforce-personal.de,Kleinunternehmen (50-200),Zeitarbeit / Personaldienstleistung,Regional München
FPS Fachkräfte Personal Service GmbH,Hamburg,Hamburg,www.fps-personal.de,Kleinunternehmen (50-200),Zeitarbeit / Fachkräfte,Regional Hamburg
Heyman & Co. GmbH,Frankfurt am Main,Hessen,www.heyman.de,Kleinunternehmen (50-200),Zeitarbeit / Gastronomie & Hotel,Spezialist Gastronomie
Hotel Personal Service GmbH,Frankfurt am Main,Hessen,www.hps.de,Kleinunternehmen (50-200),Zeitarbeit / Hotel & Gastronomie,Spezialist Hotel
GastroJob GmbH,Hamburg,Hamburg,www.gastrojob.de,Kleinunternehmen (50-200),Zeitarbeit / Gastronomie,Spezialist Gastronomie
Eventa GmbH,Berlin,Berlin,www.eventa.de,Kleinunternehmen (50-200),Promotion / Event,Spezialist Events Berlin
Promotionwerk GmbH,Köln,Nordrhein-Westfalen,www.promotionwerk.de,Kleinunternehmen (50-200),Promotion / POS & Sampling,Spezialist Sampling
Active Promotion GmbH,München,Bayern,www.active-promotion.de,Kleinunternehmen (50-200),Promotion / Sampling & POS,Spezialist POS
ProTeam Events GmbH,Hamburg,Hamburg,www.proteam-events.de,Kleinunternehmen (50-200),Promotion / Messe & Event,Spezialist Messe
Brand Connections GmbH,Frankfurt am Main,Hessen,www.brandconnections.de,Kleinunternehmen (50-200),Promotion / Brand Activation,Spezialist Brand Activation
Taste Experts GmbH,Köln,Nordrhein-Westfalen,www.taste-experts.de,Kleinunternehmen (50-200),Promotion / Food Sampling,Spezialist Lebensmittel
Retail Promoters GmbH,München,Bayern,www.retail-promoters.de,Kleinunternehmen (50-200),Promotion / Retail & POS,Spezialist Retail
GreenPromotion GmbH,Hamburg,Hamburg,www.greenpromotion.de,Kleinunternehmen (50-200),Promotion / Nachhaltige Werbung,Spezialist Green Marketing
Mobile Team GmbH,Berlin,Berlin,www.mobile-team.de,Kleinunternehmen (50-200),Promotion / Guerilla & Mobile,Spezialist Guerilla
PromoNet GmbH,Frankfurt am Main,Hessen,www.promo-net.de,Kleinunternehmen (50-200),Promotion / Online & Offline,Spezialist Crossmedia
ActivBrand GmbH,Düsseldorf,Nordrhein-Westfalen,www.activbrand.de,Kleinunternehmen (50-200),Promotion / Brand Activation,Spezialist Events
Berufsbörse GmbH,Hamburg,Hamburg,www.berufsboerse.de,Kleinunternehmen (50-200),Zeitarbeit / Personalvermittlung,Regional Hamburg
Stellenmarkt24 GmbH,München,Bayern,www.stellenmarkt24.de,Kleinunternehmen (50-200),Zeitarbeit / Personalvermittlung,Regional München
HR People GmbH,Frankfurt am Main,Hessen,www.hrpeople.de,Kleinunternehmen (50-200),Personalvermittlung,Regional Frankfurt
Talent International GmbH,München,Bayern,www.talentinternational.de,Kleinunternehmen (50-200),Personalvermittlung,Spezialist IT
Jobnet AG,Nürnberg,Bayern,www.jobnet.de,Mittelunternehmen (200-500),Zeitarbeit / Personaldienstleistung,Regional Bayern
MAX Personalmanagement GmbH,Frankfurt am Main,Hessen,www.max-personal.de,Kleinunternehmen (50-200),Zeitarbeit / Personaldienstleistung,Regional Frankfurt
nps Nürnberger Personalservice GmbH,Nürnberg,Bayern,www.nps.de,Kleinunternehmen (50-200),Zeitarbeit / Personaldienstleistung,Regional Bayern
Vollzeit Personal GmbH,Berlin,Berlin,www.vollzeit-personal.de,Kleinunternehmen (50-200),Zeitarbeit / Personaldienstleistung,Regional Berlin
staffmark GmbH,Hamburg,Hamburg,www.staffmark.de,Kleinunternehmen (50-200),Zeitarbeit / Personaldienstleistung,Regional Hamburg
Randstad Professionals,Frankfurt am Main,Hessen,www.randstad-professionals.de,Mittelunternehmen (200-500),Personalvermittlung,Spezialist hochqualifizierte Fachkräfte
Ingenieurteam Personal GmbH,München,Bayern,www.ingenieurteam.de,Kleinunternehmen (50-200),Zeitarbeit / Engineering,Spezialist Ingenieure
Techner GmbH,Hannover,Niedersachsen,www.techner.de,Kleinunternehmen (50-200),Zeitarbeit / Technik,Spezialist Technik
Mediqua Personal GmbH,Köln,Nordrhein-Westfalen,www.mediqua.de,Kleinunternehmen (50-200),Zeitarbeit / Medizin,Spezialist Medizin
Pflegenow GmbH,Hamburg,Hamburg,www.pflegenow.de,Kleinunternehmen (50-200),Zeitarbeit / Pflege,Spezialist Pflege
Pflegevermittlung24 GmbH,München,Bayern,www.pflegevermittlung24.de,Kleinunternehmen (50-200),Zeitarbeit / Pflege,Spezialist Pflege
Logistik Personal Service GmbH,Frankfurt am Main,Hessen,www.lps.de,Kleinunternehmen (50-200),Zeitarbeit / Logistik,Spezialist Logistik
LogisPerson GmbH,Dortmund,Nordrhein-Westfalen,www.logisperson.de,Kleinunternehmen (50-200),Zeitarbeit / Logistik,Spezialist Logistik
TransJob GmbH,Hamburg,Hamburg,www.transjob.de,Kleinunternehmen (50-200),Zeitarbeit / Transport,Spezialist Transport
IndustrieJob GmbH,Stuttgart,Baden-Württemberg,www.industriejob.de,Kleinunternehmen (50-200),Zeitarbeit / Industrie,Spezialist Industrie
MetallJob GmbH,Nürnberg,Bayern,www.metalljob.de,Kleinunternehmen (50-200),Zeitarbeit / Metall & Stahl,Spezialist Metall
Bauzeit Personal GmbH,München,Bayern,www.bauzeit.de,Kleinunternehmen (50-200),Zeitarbeit / Bau,Spezialist Bau
FinanceJob GmbH,Frankfurt am Main,Hessen,www.financejob.de,Kleinunternehmen (50-200),Personalvermittlung / Finance,Spezialist Finance
LegalJob GmbH,Frankfurt am Main,Hessen,www.legaljob.de,Kleinunternehmen (50-200),Personalvermittlung / Recht,Spezialist Juristen
SalesJob GmbH,Hamburg,Hamburg,www.salesjob.de,Kleinunternehmen (50-200),Personalvermittlung / Vertrieb,Spezialist Vertrieb
MarketingPersonal GmbH,Berlin,Berlin,www.marketing-personal.de,Kleinunternehmen (50-200),Personalvermittlung / Marketing,Spezialist Marketing
ITJob GmbH,München,Bayern,www.itjob.de,Kleinunternehmen (50-200),Personalvermittlung / IT,Spezialist IT
HR Professionals GmbH,Frankfurt am Main,Hessen,www.hr-professionals.de,Kleinunternehmen (50-200),Personalvermittlung / HR,Spezialist HR
Event-Personal.de GmbH,Köln,Nordrhein-Westfalen,www.event-personal.de,Kleinunternehmen (50-200),Promotion / Event,Spezialist Events
HoPos Hostess & Promotion Service GmbH,Düsseldorf,Nordrhein-Westfalen,www.hopos.de,Kleinunternehmen (50-200),Promotion / Hostessen & POS,Spezialist Messen Düsseldorf
Model & More GmbH,Hamburg,Hamburg,www.modelandmore.de,Kleinunternehmen (50-200),Promotion / Hostessen,Spezialist Models & Promoter
TopPromote GmbH,München,Bayern,www.toppromote.de,Kleinunternehmen (50-200),Promotion / Event & Sampling,Regional München
PromoPeople GmbH,Berlin,Berlin,www.promopeople.de,Kleinunternehmen (50-200),Promotion / Event & Messe,Spezialist Eventpersonal
Sampling Pro GmbH,Frankfurt am Main,Hessen,www.sampling-pro.de,Kleinunternehmen (50-200),Promotion / Food Sampling,Spezialist Sampling
Consumer Activation GmbH,Köln,Nordrhein-Westfalen,www.consumer-activation.de,Kleinunternehmen (50-200),Promotion / Brand Activation,Spezialist Activation
Field Sales Solutions GmbH,Düsseldorf,Nordrhein-Westfalen,www.field-sales.de,Kleinunternehmen (50-200),Promotion / Field Sales,Spezialist Außendienst
go&live GmbH,Hamburg,Hamburg,www.go-und-live.de,Kleinunternehmen (50-200),Promotion / Live Marketing,Spezialist Live Marketing
Juvigo GmbH,Berlin,Berlin,www.juvigo.de,Kleinunternehmen (50-200),Promotion / Youth Marketing,Spezialist Jugend
HUK-COBURG Werbung GmbH,Coburg,Bayern,www.huk.de,Mittelunternehmen (200-500),Promotion / Direktmarketing,Spezialist Direktmarketing
Sievert GmbH & Co. KG Personalservice,Osnabrück,Niedersachsen,www.sievert-personalservice.de,Kleinunternehmen (50-200),Zeitarbeit / Personaldienstleistung,Regional Niedersachsen
Tempo-Team Osnabrück,Osnabrück,Niedersachsen,www.tempo-team.de,Kleinunternehmen (50-200),Zeitarbeit / Personaldienstleistung,Regional Niedersachsen
Göttingen Zeitarbeit GmbH,Göttingen,Niedersachsen,www.goettingen-zeitarbeit.de,Kleinunternehmen (50-200),Zeitarbeit / Personaldienstleistung,Regional Niedersachsen
Hildesheim Personal Service GmbH,Hildesheim,Niedersachsen,www.hildesheim-personal.de,Kleinunternehmen (50-200),Zeitarbeit / Personaldienstleistung,Regional Niedersachsen
Braunschweig Personal GmbH,Braunschweig,Niedersachsen,www.bs-personal.de,Kleinunternehmen (50-200),Zeitarbeit / Personaldienstleistung,Regional Niedersachsen
Wolfsburg Personal Service GmbH,Wolfsburg,Niedersachsen,www.wolfsburg-personal.de,Kleinunternehmen (50-200),Zeitarbeit / Personaldienstleistung,Regional Niedersachsen
Salzgitter Zeitarbeit GmbH,Salzgitter,Niedersachsen,www.salzgitter-zeitarbeit.de,Kleinunternehmen (50-200),Zeitarbeit / Personaldienstleistung,Regional Niedersachsen
Deutsche Personalkonzept GmbH,Berlin,Berlin,www.deutschepersonalkonzept.de,Mittelunternehmen (200-500),Zeitarbeit / Personaldienstleistung,Bundesweit
Witte Personalmanagement GmbH,Frankfurt am Main,Hessen,www.witte-personal.de,Kleinunternehmen (50-200),Zeitarbeit / Personaldienstleistung,Regional Frankfurt
Sievers Personal GmbH,Bielefeld,Nordrhein-Westfalen,www.sievers-personal.de,Kleinunternehmen (50-200),Zeitarbeit / Personaldienstleistung,Regional NRW
Agilitas Personalservice GmbH,Köln,Nordrhein-Westfalen,www.agilitas.de,Kleinunternehmen (50-200),Zeitarbeit / Personaldienstleistung,Regional Köln
PolyJob GmbH,Stuttgart,Baden-Württemberg,www.polyjob.de,Kleinunternehmen (50-200),Zeitarbeit / Personaldienstleistung,Regional Baden-Württemberg
Tempforce GmbH,Hamburg,Hamburg,www.tempforce.de,Kleinunternehmen (50-200),Zeitarbeit / Personaldienstleistung,Regional Hamburg
PersonalPartner GmbH,Leipzig,Sachsen,www.personal-partner.de,Kleinunternehmen (50-200),Zeitarbeit / Personaldienstleistung,Regional Sachsen
Work & Progress GmbH,Berlin,Berlin,www.work-progress.de,Kleinunternehmen (50-200),Zeitarbeit / Personaldienstleistung,Regional Berlin
TeamJob GmbH,Frankfurt am Main,Hessen,www.teamjob.de,Kleinunternehmen (50-200),Zeitarbeit / Personaldienstleistung,Regional Frankfurt
Sax personal UG,Dresden,Sachsen,www.sax-personal.de,Kleinunternehmen (<50),Zeitarbeit / Personaldienstleistung,Kleinstunternehmen
SPM Sächsische Personalmanagement GmbH,Leipzig,Sachsen,www.spm-personal.de,Kleinunternehmen (50-200),Zeitarbeit / Personaldienstleistung,Regional Sachsen
Herkuleskraft Personal GmbH,Dortmund,Nordrhein-Westfalen,www.herkuleskraft.de,Kleinunternehmen (50-200),Zeitarbeit / Personaldienstleistung,Regional NRW
Ruhr Personal GmbH,Essen,Nordrhein-Westfalen,www.ruhr-personal.de,Kleinunternehmen (50-200),Zeitarbeit / Personaldienstleistung,Regional NRW
JobKing GmbH,Hamburg,Hamburg,www.jobking.de,Kleinunternehmen (50-200),Zeitarbeit / Personaldienstleistung,Regional Hamburg
PersonalForum GmbH,München,Bayern,www.personalforum.de,Kleinunternehmen (50-200),Zeitarbeit / Personaldienstleistung,Regional München
Netzwerk Personal GmbH,Düsseldorf,Nordrhein-Westfalen,www.netzwerk-personal.de,Kleinunternehmen (50-200),Zeitarbeit / Personaldienstleistung,Regional NRW
Zeno Personal GmbH,Frankfurt am Main,Hessen,www.zeno-personal.de,Kleinunternehmen (50-200),Zeitarbeit / Personaldienstleistung,Regional Frankfurt
Venta Personal GmbH,Hannover,Niedersachsen,www.venta-personal.de,Kleinunternehmen (50-200),Zeitarbeit / Personaldienstleistung,Regional Hannover
Compact Personal GmbH,Stuttgart,Baden-Württemberg,www.compact-personal.de,Kleinunternehmen (50-200),Zeitarbeit / Personaldienstleistung,Regional Stuttgart
Sigma Personal GmbH,Berlin,Berlin,www.sigma-personal.de,Kleinunternehmen (50-200),Zeitarbeit / Personaldienstleistung,Regional Berlin
Jobworld GmbH,Köln,Nordrhein-Westfalen,www.jobworld.de,Kleinunternehmen (50-200),Zeitarbeit / Personaldienstleistung,Regional Köln
Orbit Personal GmbH,Hamburg,Hamburg,www.orbit-personal.de,Kleinunternehmen (50-200),Zeitarbeit / Personaldienstleistung,Regional Hamburg
Next Staff GmbH,Frankfurt am Main,Hessen,www.nextstaff.de,Kleinunternehmen (50-200),Zeitarbeit / Personaldienstleistung,Regional Frankfurt
Peak HR GmbH,München,Bayern,www.peak-hr.de,Kleinunternehmen (50-200),Personalvermittlung,Spezialist Führungskräfte
Zenith Personal GmbH,Düsseldorf,Nordrhein-Westfalen,www.zenith-personal.de,Kleinunternehmen (50-200),Zeitarbeit / Personaldienstleistung,Regional NRW
PersonalXpert GmbH,Hannover,Niedersachsen,www.personalxpert.de,Kleinunternehmen (50-200),Zeitarbeit / Personaldienstleistung,Regional Hannover
Megajob Personal GmbH,Nürnberg,Bayern,www.megajob.de,Kleinunternehmen (50-200),Zeitarbeit / Personaldienstleistung,Regional Bayern
